{
  "schemaVersion": 1,
  "id": "rustyconnector-fabric",
  "version": "${version}",
  "config-version": "${config_version}",
  "magic-link-protocol-version": "${magic_link_protocol_version}",
  "name": "RustyConnector",
  "authors": ["Juice"],
  "description": "A player and server connection manager for Velocity based Minecraft Networks!",
  "contact": {
    "repo": "https://github.com/Aelysium-Group/rusty-connector"
  },
  "license": "GPL-V3",
  "environment": "server",
  "entrypoints": {
    "server": [
      "group.aelysium.rustyconnector.plugin.fabric.FabricRustyConnector"
    ]
  },
  "depends": {
    "fabricloader": ">=${loader_version}",
    "fabric": "*",
    "minecraft": "${minecraft_version}"
  }
}